Country;City;Name;System;Operator;Launched;Discontinued;Stations;Bicycles;Daily ridership;
Albania;Tirana[5];Ecovolis;;;March 2011;;8;200;;
Argentina;Mendoza[6];Metrobici;;;2014;;2;40;;
;San Lorenzo, Santa Fe;Biciudad;Biciudad;;27 November 2016;;8;80;;
;Buenos Aires[7][8];Ecobici;Serttel Brasil[9];Bike In Baires Consortium.[10];2010;;400;4000;21917;
;Rosario;Mi Bici Tu Bici[11];;;2 December 2015;;47;480;;
Australia;Melbourne[12];Melbourne Bike Share;PBSC & 8D;Motivate;June 2010;;53;676;;
;Brisbane[13][14];CityCycle;3 Gen. Cyclocity;JCDecaux;September 2010;;150;2000;;
;Melbourne;oBike;4 Gen. oBike;;July 2017;;dockless;1250;;
;Sydney;oBike;4 Gen. oBike;;July 2017;;dockless;1250;;
;Sydney;Ofo;4 Gen. Ofo;;October 2017;;dockless;600;;
;Sydney;Reddy Go;Reddy Go;;July 2017;;;2000;;
Austria;Vienna;Citybike Wien [15];3 Gen. Cyclocity;JCDecaux Gewista;June 2003;;121;1500;2800[16];
;Burgenland;LEIHRADL nextbike;3 Gen. nextbike;;2009;;40;;;
;Lower Austria[17];LEIHRADL nextbike;3 Gen. nextbike;;2009;;295;1300;;
;Salzburg;nextbike;3 Gen. nextbike;;2011;;;;;
;Vienna;Viennabike;2 Gen.;Association and city council;April 2002;November 2002;200;1500;;
;Vorarlberg;;3 Gen. nextbike;;2009;;14;70;;
Bangladesh;Dhaka;JoBike;JoBike;;2018;;5;300;;
Belgium;Namur[18];Libiavelo;3 Gen. Cyclocity;JCDecaux;21 April 2012;;24;200;;
;Antwerp;Velo;3 Gen. Clear CC;;9 June 2011;;302;3600;7010[19];
;Brussels[20];Villo!;3 Gen. Cyclocity;JCDecaux;19 May 2009 (earlier system since 2006);;346;4115[21];;
Brazil;Salvador[22];Bike Salvador;Mobilicidade;;2013;;23;;;
;Belo Horizonte[23];Bikebh;Mobilicidade;;2014;;40;400;;
;Fortaleza;Bicicletar;Mobilicidade;;15 December 2014;;80;800;;
;João Pessoa[24];SAMBA;Mobilicidade;;;;3;20;;
;(Pedro de) Toledo[25];Toopedalando;Toopedalando;;2011;;6;60;;
;Rio de Janeiro[26];Bike Rio;Mobilicidade;;2011;;60;300;;
;São Paulo[27];Bikesampa;Mobilicidade;;2012;;241;600;;
;Sorocaba[28];Integrabike;Mobilicidade;;2012;;15;120;;
Bulgaria;Burgas;VeloBurgas;Mobilicidade;;2012;;10;120;;
Canada;Victoria[29];U-Bicycle;;;September 2017;;initially 150;;;
;Hamilton[30];Hamilton Bike Share;Social Bicycles;;20 March 2015;;100;750;;
;Kitchener, Ontario[31][32];Community Access Bicycles;Community Access Bicycles;;2011, relaunched 21 August 2013;;7;65;;
;Montreal[33];BIXI Montréal;PBSC & 8D;;2009;;540;6200;8808;
;Toronto[34];Bike Share Toronto (formerly Bixi Toronto);PBSC;Motivate;2011;;468;5000;6200;
;Vancouver;Mobi;3 Gen. CycleHop;;20 July 2016;;150;1500;;
Chile;Santiago;Bikesantiago;3 Gen. B-Cycle;;2013;;53;;;
China;Guangzhou[35][36];GZ-Public Bicycle;;;June 2010;;50;4840;;
;Lanxi;China;;;July 2014;;50;1500;;
;Taizhou, Jiangsu[37];;;;2014;;80;2000;;
;Taizhou, Jiangsu[37];China;;;2010;;200;13000;;
;Anqiu;Anqiu Public Bicycle;;;December 2013;;95;2280;;
;Baoji;Baoji Public Bicycle Service;;;September 2013;;100;2000;;
;Beijing;;;;2012;;508;16000;;
;Changzhou;Changzhou Public Bicycle;;;;;;;;
;Chengdu (Jinniu District)[38];–;Shanghai Forever Bicycle Co.;;June 2010;;156;1500;;
;Chengdu (Gaoxin District [zh])[39];–;;;December 2010;;72;1200;;
;Foshan;;;;August 2010;;208;11694;;
;Fuzhou;Fuzhou Public Bicycle;;;June 2011;;59;1400;;
;Haikou;;;;April 2013;;105;3000;;
;Haining;Haining Public Bicycle;;;October 2012;;100;2200;;
;Hangzhou[40][41];Hangzhou Public Bicycle;;;October 2008;;2965;78000;;
;Heihe;;;;May 2012;;62;2230;;
;Heze;;;;April 2014;;100;2000;;
;Hohhot;;;;October 2013;;112;5100;;
;Huaian[42];Huaian Public Bicycle;;;October 2013;;335;7000;;
;Huaibei;Huaibei Public Bicycle;;;April 2014;;100;3000;;
;Huangyan;Huangyan Public Bicycle;;;January 2012;;93;2500;;
;Huizhou;Guangzhou Huimin;;;April 2012;;100;10000;;
;Huzhou;Huzhou Public Bicycle;;;December 2013;;85;;;
;Jiangyin;;;;November 2008;;23;700;;
;Jiaxing;Jiaxing Public Bicycle;;;December 2011;;334;7800;;
;Jinhua;Jinhua Orange Public Bicycle Service;;;October 2013;;100;3000;;
;Jiujiang;;;;February 2014;;6;120;;
;Jiyuan;;;;September 2013;;32;500;;
;Kaixian;;;;January 2011;;58;1600;;
;Kunshan[43];;Forever Bicycle;;September 2010;;745;20000;;
;Lanzhou;Lanzhou Public Bicycle;;;June 2014;;111;2000;;
;Lhasa;;;;November 2013;;15;242;;
;Linhai;;;;June 2011;;82;2700;;
;Lishui;;;;February 2013;;26;800;;
;Luoyang;Luoyang Public Bicycle;;;25 May 2013;;35;1000;;
;Maanshan;Maanshan Public Bicycle;;;;;;;;
;Nanning;;;;December 2013;;50;1000;;
;Nantong[44];Nantong Economic and Technological Development Area Public Bicycle;Forever Publicbike Intelligent Systems;;1 January 2013;;182;3800;;
;Ningbo;Ningbo Public Bicycle;;;September 2013;;600;15000;;
;Qingzhou;;;;2010;;550;10300;;
;Shanghai[45][46][47][48];;Forever Bicycle;;March 2009;;596;19165;;
;Shaoxing[49];Shaoxing Public Bicycle;;;15 June 2011;;204;9000;;
;Shenzhen / Shekou / Xiaomeisha;Shenzhen City Bicycle Public;Forever Bicycle;;September 2010;;16;350;;
;Suzhou;;;;2010;;976;22940;;
;Taiyuan;;;;September 2012;;1262;41000;;
;Weifang;Weifang Public Bicycle;;;October 2013;;735;20000;;
;Wuhu;;;;2012;;553;12000;;
;Wuxi;Wuxibike;;;January 2010;;27;1500;;
;Xi'an;Xianbicycle;;;April 2011;;900;20000;;
;Xuzhou;;;;September 2012;;480;18000;;
;Yangzhou;;;;March 2014;;140;5000;;
;Yantai;;;;August 2010;;110;6000;;
;Yiwu;;;;October 2013;;52;1000;;
;Yixing;Yixing Public Bicycle;;;December 2012;;148;3600;;
;Yueyang;;;;April 2014;;210;5000;;
;Zhangjiagang;Forever Bicycle;Forever Bicycle;;June 2010;;152;3200;;
;Zhenjiang[50];Zhenjiang Public Bicycle;;;1 April 2013;;80;2000;;
;Zhijin;;;;June 2014;;30;1000;;
;Zhongshan;;;;2010;;527;11180;;
;Zhuhai;;;;December 2012;;195;5000;;
;Zhuzhou;;Foshan Tianzhou;;May 2011;;1005;20000;;
Colombia;Medellin[51];EnCicla;3 Gen (formally 0 Gen);The Metropolitan Area of Aburra Valley[52];2011;;50;1400;;
Croatia;Zagreb[53];nextbike;3 Gen. nextbike;;May 2013;;21;100;;
Cyprus;Limassol[54];nextbike Cyprus;3 Gen. nextbike;;May 2012;;13;170;;
;Pissouri[55];e-asyGo.com Cyprus;own pedelecs;;April 2019;;3;10;;
;Nicosia[56];EasyBike;EasyBike[57];EasyBike;October 2011;;27;315;;
;Limassol (& Agios Dometios, Aglandjia, Dali, Engomi, Latsia, Pallouriotissa, Strovolos);Bike in Action;3 Gen. Smoove;;;;27;310[58];;
Czechia;Ostrava;Rekola;4 Gen.;;2018 [59];;;180;;
;Prague;Rekola;4 Gen.[60];;2013 [61];;;500;4,700[62];
;Brno;Rekola;4 Gen.;;2014 [63];;;50;;
;Pardubice;Rekola;4 Gen.;;2014;2016;;;;
;?eské Bud?jovice;Rekola;4 Gen.;;2015 [64];;;100;;
;Hradec Králové;Rekola;4 Gen.;;2015 [65];2016;;;;
;Olomouc;Rekola;4 Gen.;;2014 [66];;;70;;
;Teplice;Rekola;4 Gen.;;2017 [67];;;40;;
;Kladno;Rekola;4 Gen.;;2017 [68];2017;;80;;
;Liberec;Rekola;4 Gen.;;2018 [69];;;100;;
;Frýdek-Místek;Rekola;4 Gen.;;2018 [70];;;80;;
;Prague;Freebike;;HomePort;;;;500[71];;
;Prague 4 and Brno;Velonet;;Velonet;;;;[72];;
;Prague 7;Ofo;4 Gen. Ofo;Ofo;2017;Discontinued;;[73];;
;Prost?jov;Nextbike;3 Gen. nextbike;Nextbike;2019;;;180[74];;
;Ostrava;Nextbike;3 Gen. nextbike;Nextbike;2019;;;600[75];;
Denmark;Farsø;;2 Gen;;1991;;;[76];;
;Aarhus;Aarhus City Bikes;2 Gen;Aarhus Municipality;March 2004;;52;450;;
;Århus;Bycyklen;2 Gen;;May 2007;;57;400;;
;Copenhagen;Bycyklen;Gobike;;16 August 2013[77];;105;1860;;
;Copenhagen;Bycykler København;2 Gen;;1995;"October 2012 [78][79][80] Copenhagen municipality changed its mind and a new version was introduced in late 2013.[81]""";110;initially 800 (later 2500);;
Ecuador;Quito;BiciQ;BiciQ;;2012;;25;425;;
Emirates;Abu Dhabi[82];ADCB Bikeshare;8D;Cyacle;December 2014;;11;75;;
Finland;Helsinki;Helsinki City Bikes;3 Gen. Smoove;Helsinki City Transport (HKL);May 2017 [83][84];;345;3450;;
;Helsinki;Helsinki City Bikes;2 Gen.;Helsinki City Transport (HKL);2000;2010 [85];;;;
;Vaasa;Rekola;4 Gen.;;2018 [86];;;60;;
France;Avignon[87];Vélopop';3 Gen. Smoove;;July 2009;;17;200;;
;Créteil[88];Cristolib;3 Gen. Cyclocity;JCDecaux;April 2010;;10;75;;
;Lyon[89];Vélo'v;3 Gen. Cyclocity;;19 May 2005 [90][91];;348;4000;;
;Marseille[92];Le vélo;3 Gen. Cyclocity;;2007;;122;672;;
;Mulhouse[93];VéloCité;3 Gen. Cyclocity;;15 September 2007;;40;240;;
;Nancy[94];VélOstan;3 Gen. Cyclocity;JCDecaux;27 September 2009;;29;250;675[95];
;Nantes[96];Bicloo;3 Gen. Cyclocity;;May 2008;;103;885;3640[95];
;Paris[97];Vélib';3 Gen. Cyclocity;JCDecaux;15 July 2007;31 December 2017;1229;14500;'108,09;
;Grand Paris[98];Vélib' Métropole;3 Gen. Smoove;Smovengo[99];1 January 2018 [100];;1100;20000;;
;Toulouse[101];VélôToulouse;3 Gen. Cyclocity;;16 November 2007;;280;2465;;
;Valence, Drôme[102];Libélo;3 Gen. Smoove;Transdev;March 2010;;20;380;;
;Amiens[103];Vélam;3 Gen. Cyclocity;;February 2008;;26;250;376[95];
;Angers[104];VéloCité;3 Gen. Cyclocity;;2004;;;;;
;Belfort;Optymo;3 Gen. Smoove;;May 2013;;21;200;;
;Besançon[105];VéloCité;3 Gen. Cyclocity;;September 2007;;30;200;380[95];
;Bordeaux;VCUB;Keolis;;February 2010;;139;1545;;
;Caen;V'eol;3 Gen. Clear CC;;March 2008;;40;350;;
;Calais;Vel'in;OYBike;;July 2010;;37;160;;
;Cergy-Pontoise[106];VélO2;Cyclocity;JCDecaux;March 2009;;42;320;;
;Chalon-sur-Saône;Réflex;3 Gen. Smoove;Transdev;December 2007;;14;100;;
;Clermont-Ferrand;C.Vélo;3 Gen. Smoove;SMTC;June 2013;;10 (22);100 (220);;
;Dijon;Velodi;3 Gen. Clear CC;;February 2008;;39;400;;
;Dunkirk;Dk'vélo;Veolia;;2013;;20;200;;
;Grenoble;Métrovélo;3 Gen. Smoove;;2006;;16;1250;;
;La Rochelle;Yélo;Homeport;;February 2010;;63;300;;
;La Rochelle;Vélos Jaunes;Zero Generation;;1974;Discontinued;;;;
;Lille;V'Lille;Keolis;;2011;;215;1100;;
;Montpellier;Vélomagg';3 Gen. Smoove;;June 2007;;52;2414;;
;Nice;Vélo Bleu;OYBike;;July 2009;;175;1750;;
;Orléans;Vélo'+;EFFIA;;June 2007;;33;300;;
;Pau;IDEcycle;;;;;20;220;;
;Perpignan;BIP!;3 Gen. Clear CC;;February 2008;;15;150;;
;Poitiers;Cap'Vélo;;;September 2007;;;360;;
;Rennes[107];LE vélo STAR;3 Gen. Clear CC;;June 1998;;82;800;;
;Rouen[108];Cy'clic;3 Gen. Cyclocity;;December 2007;;21;190;;
;St. Etienne;Vélivert;3 Gen. Smoove;;26 June 2010;;30;700;;
;;formerly Vélo Vert;;;;;;;;
;Strasbourg;Vélhop;3 Gen. Smoove;;October 2010;;4;1852;;
;Vannes;Vélocéa;OYBike;;June 2009;;20;174;;
Georgia;Batumi;BatumVelo[109];3 Gen. SmooveKey[110];Batumi Avtotransporti[111];May 2013;;24[111];370[111];;
Germany;Aachen;Velocity [112];3 Gen.;;27 June 2008;;46;;;
;Aschaffenburg;nextbike;3 Gen.;;;;4;;;
;Aschaffenburg;Call a Bike;3 Call a Bike;;;;;;;
;Baden-Baden;Call a Bike;3 & 4 Gen. Call a Bike flex;;;;;;;
;Berlin;Call a Bike [113];3 & 4 Gen. Call a Bike flex;;March 2003;2016;dockless;;;
;Berlin;LIDL-BIKES - Call a Bike [113];3 & 4 Gen. Call a Bike flex;;March 2017;;350 & dockless;3500;;
;Berlin;nextbike;3 Gen. nextbike;;2009;;500;300;;
;Berlin;Ofo;4 Gen. Ofo;;October 2016;August 2018;;;;
;Berlin;Donkey Republic Berlin [114];4 Gen.;;April 2017;;;600;;
;Berlin;Mobike [115];4 Gen.;;November 2017;;;700;;
;Berlin;fLotte [116];0. Gen;Freie Lastenräder [117];March 2018;;;12;;
;Berlin;LimeBike[118];4 Gen.;;April 2018;;;500;;
;Berlin;Jump Bikes [119];4 Gen.;Jump Bikes;November 2018;;;100;;
;Bielefeld;nextbike;3 Gen. nextbike;;2009;;10;;;
;Bochum;metropolradruhr;3 Gen. nextbike;;2010;;6;30;;
;Bonn;nextbike;3 & 4 Gen. Call a Bike flex;;October 2018;;15 & dockless [120];500;;
;Bottrop;metropolradruhr;3 Gen. nextbike;;2010;;15;;;
;Bremen;LimeBike[121];4 Gen.;;March 2018;;;500;;
;Coburg;nextbike;3 Gen. nextbike;;2009;;5;;;
;Cologne;Call a Bike;3 & 4 Gen. Call a Bike flex;;March 2000;;dockless;;;
;Ruhr Area, Dortmund;metropolradruhr;3 Gen. nextbike;;2010;;27;;;
;Darmstadt;Call a Bike;3 & 4 Gen. Call a Bike flex;;2014;;30;350 [122];;
;Dresden;nextbike branded SZ-Bike since 2017[123];3 Gen. nextbike;DVB [124];2005;;30+;500;;
;Duisburg;metropolradruhr nextbike;3 Gen.;;September 2010;;14;;;
;Düsseldorf[125];nextbike;3 Gen. nextbike;;2008;;45;400;;
;Düsseldorf;Flexbeee [126];4 Gen.;;July 2018;;;400;;
;Düsseldorf;Mobike [127];4 Gen.;;30 May 2018;;;600;;
;Düsseldorf;Call a Bike branded FordPass Bike[128];3 Gen. Call a Bike;;October 2017;;135;1200;;
;Dortmund;metropolradruhr;3 Gen. nextbike;;July 2008;;55;400;;
;Dreieich;Byke;4 Gen.;;October 2017;;;100;;
;Erfurt;nextbike;3 Gen. nextbike;;2009;;10;30;;
;Essen;metropolradruhr;3 Gen. nextbike;;2010;;25;;;
;Flensburg;nextbike;3 Gen. nextbike;;2009;;10;30;;
;Frankfurt am Main;Call a Bike;3 & 4 Gen. Call a Bike flex;;March 2000;;dockless;;;
;Frankfurt am Main;nextbike;3 Gen. nextbike;;2009;;30;300;;
;Frankfurt am Main;Byke [129];4 Gen.;;October 2017;;;100;;
;Frankfurt am Main;LimeBike[130];4 Gen.;;January 2018;;;500;;
;Gelsenkirchen;metropolradruhr;3 Gen. nextbike;;2010;;4;;;
;Freiburg im Breisgau;Call a Bike;3 & 4 Gen. Call a Bike flex;;2010;;;;;
;Freiburg im Breisgau;nextbike;3 Gen. nextbike;;2019;;;;;
;Hamburg;StadtRAD Hamburg;3 & 4 Gen. Call a Bike flex;Deutsche Bahn;July 2009;;200;2450;;
;Hamburg[131];nextbike;3 Gen. nextbike;;2008;;30;250;;
;Hamm;metropolradruhr;3 Gen. nextbike;;2010;;10;50;;
;Hannover;oBike;4 Gen. oBike;;2017;;;500;;
;Herne;metropolradruhr;3 Gen. nextbike;;2010;;7;45;;
;Karlsruhe;;;;;;;;;
;Kassel;Konrad;;;;;;;;
;Leipzig[132];nextbike;3 Gen. nextbike;;2008;;60;500;;
;Magdeburg;nextbike;3 Gen. nextbike;;2008;;21;100;;
;Mainz;MVGmeinRad;;;July 2011;;120;1000;;
;Munich;Call a Bike;4 Gen. Call a Bike flex;;March 2000;;dockless;;;
;Munich;nextbike;3 Gen. nextbike;;2011;;30;3000;;
;Oberhausen;metropolradruhr;3 Gen. nextbike;;2010;;8;40;;
;Offenburg;nextbike;3 Gen. nextbike;;2010;;13;86;;
;Potsdam;nextbike;3 Gen. nextbike;;2010;;20;150;;
;Stuttgart;Call a Bike;4 Gen. Call a Bike fix;;June 2007;;64;400;;
;Tübingen;nextbike;3 Gen. nextbike;;2009;;9;50;;
;Tübingen;nextbike;3 Gen. nextbike;;2009;;9;50;;
;Mülheim a. Ruhr;metropolradruhr;3 Gen. nextbike;;2010;;13;65;;
Greece;Aigialeia[133];Cyclopolis;3 Gen.;;2013;;3;45;;
;Aktio-Vonitsa[133][134];Cyclopolis;3 Gen.;;2013;;3;35;;
;Ancient Olympia[133][135];Cyclopolis;3 Gen.;;2013;;4;60;;
;Corfu[136];EasyBike[137];3 Gen. Smoove[138][139][140][136];;November 2010;;8;100[57];;
;Didymóteicho[133][141];EasyBike;3 Gen. Smoove;;May 2013;;8;100;;
;East Mani[133][134];EasyBike;3 Gen. Smoove;;2013;;6;100;;
;Ioannina[142];EasyBike;3 Gen. Smoove;;September 2012;;2;10;;
;Iraklio[143];EasyBike;3 Gen. Smoove;;April 2010[144];;;100;;
;Karditsa[145];EasyBike;3 Gen. Smoove;;March 2013;;10;60;;
;Kavala[133][146];EasyBike;3 Gen. Smoove;;2013;;4;52;;
;Keratsini-Drapetsóna[133][147];EasyBike;3 Gen. Smoove;;November 2012;;6;70;;
;Komotini[133][148];EasyBike;3 Gen. Smoove;;2013;;6;100;;
;Marathónas[134];Cyclopolis;3 Gen.;;2013;;4;50;;
;Maroussi[133][149];Cyclopolis;3 Gen.;;February 2013;;6;70;;
;Moscháto-Távros[150];Cyclopolis;3 Gen.;;January 2013;;5;60;;
;Náfplion[133][151];Cyclopolis;3 Gen.;;June 2013;;4;60;;
;Naupactus[133][152];EasyBike;3 Gen. Smoove;;January 2013;;4;60;;
;Municipality of Nafpaktos[153];;0 Gen.;;June 2010;;;;;
;municipality bike rental;;;;;;;;;
;Nea Erithréa[153];;0 Gen.;;2010;;;;;
;municipality bike rental;;;;;;;;;
;Nea Smyrni[134];Cyclopolis;3 Gen.;;2013;;3;40;;
;Salonica[154];Aristotle University of Thessaloniki Bike;0 Gen.;;May 2012;;;60;;
;Sikyona[133][134];Cyclopolis;3 Gen.;;2013;;4;24;;
Hungary;Budapest;MOL BuBi;3 Gen.;;April 2014[155];;126;1526[156];;
;Esztergom;EBI;;;20 September 2013[157];;9;93;;
;Gy?r;Gy?rBike;;;7 September 2015;;23;180[158];;
;Kaposvár;Kapsvári Tekerg? [159];;;27 October 2015;;4;32 (including 6 rollers) [159];;
;Szeged;CityBike Szeged[160];CityBike Szeged;;1 October 2013[161];;12;100;;
India;Bengaluru;Namma Cycle;;;2013;;;150;;
;Mumbai;FreMo, Cycle Chalao;;;2012;;;;;
;Mysuru;Embarq, India;;;2009;;52;;;
;New Delhi;Greenolution;;;2007;;7;;;
Indonesia;Bandung[162];Boseh;Banopolis;;July 2017;;30;350;;
Iran;Urmia;U Bike;U Bike;;10 June 2016;;20;250;;
;Tehran;Bdood;Bdood;;1 August 2017;;55;5700;;
Ireland;Cork;Coca-Cola Zero Bikes;;NTA & An Rothar Nua;18 December 2014;;31;320;;
;Dublin[163][164];Dublin Bikes;Cyclocity;JCDecaux;September 2009;;102;950;;
;Galway;Coca-Cola Zero Bikes;;NTA & An Rothar Nua;24 November 2014;;19;205;;
;Limerick;Coca-Cola Zero Bikes;;NTA & An Rothar Nua;8 December 2014;;23;215;;
Israel;Tel Aviv[165];Tel-O-Fun;;;April 2016;;200+;2000;;
Italy;Alpignano;ToBike;;;;;2;8;;
;Brescia;Bicimia;;;;;65;395;;
;Carugate[166];Meglio in Bici;;;5 May 2012;;3;30;;
;Cernusco sul Naviglio[166];Meglio in Bici;;;5 May 2012;;3;40;;
;Collegno;ToBike;;;;;10;35;;
;Druento;ToBike;;;;;1;5;;
;Florence;Ofo;;;2017 [167];;;;;
;Grugliasco;ToBike;;;;;9;30;;
;Milan;BikeMi[168];3 Gen. Clear CC;;8 December 2008 [169];;282[170];4650 (1000 E)[171];19000;
;Milan;Mobike;4 Gen.;;30 August 2017;;dockless;8000;;
;Milan;Ofo;4 Gen. Ofo;;20 September 2017;;dockless;4000;;
;Milan;Bitride Sharing;Zehus;;1 March 2018;31 December 2018;dockless;350;;
;Padua;GoodBike Padova;;;;;28;;;
;Padua;Mobike;;;;;dockless;;;
;Pioltello[166];Meglio in Bici;;;5 May 2012;;2;20;;
;Pisa[166];Ciclopi;;;May 2013;;15;200;;
;Rimini[172];Rimini in Bici;;;;;16;;;
;Rome;Roma'n'Bike;;;;;19;200;;
;Turin;ToBike;;;4 March 2011;;184;;;
Venaria Reale;ToBike;;;;;10;35;;;
Japan;Toyama, Toyama[173];Cyclocity Toyama;Cyclocity;JCDecaux;22 March 2010;;17;130;;
;Kyoto[174];Community Cycle;;;;;5;;;
;Yokohama;Baybike;;;April 2011;;15;300;;
Kazakhstan;Almaty;Almatybike[175];3 Gen. Smoove[176];;June 2016;;300;1700;;
;Astana;Astanabike[177];3 Gen. Smoove[178];;July 2014;;250;1280;;
;Shymkent;Shymkentbike[179];3 Gen. Smoove[180];;July 2016;;40;200;;
Latvia;Riga, Jurmala;BalticBike;;;;;20;;;
Lithuania;Vilnius[181];CycloCity;3 Gen. Cyclocity;JCDecaux;2013;;33;300;;
Luxembourg;Luxembourg City[182];Vel'oh;3 Gen. Cyclocity;;March 2008;;73;680;;
Malaysia;George Town;LinkBike;Fast Rent Bike (PG);;December 2016;;25;250;;
Mexico;Guadalajara;MIBICI;PBSC;;2014;;;242;2116;
;Mexico City[183];Ecobici;3 Gen. Clear CC;;2010;;452;6500;31000;
;Toluca;;PBSC;;;;;;;
Netherlands;Towns and cities in the Netherlands: all over the country, mainly at railway stations;OV-fiets;OV-Fiets/Nederlandse Spoorwegen;;2003;;230;15000 [184];;
;Amsterdam;WhiteBikes;WhiteBikes;Provo;1965;1966;;50;;
;Towns and cities in the Netherlands: several locations;Bikedispenser;;;2005;;5;500;;
;Delft, Rotterdam and The Hague;Mobike;4 Gen.;;2018/2019;;;;;
Norway;Drammen;Drammen City Bikes;3 Gen. Clear CC;;2001;;;;;
;Oslo;Oslo Bysykkel;3 Gen. Clear CC;;2003;;106;;;
;Sandnes;;WhiteBikes;volunteers and city council;1996;2002;;225;;
;Sandnes;;3 Gen. Clear CC;;2002;;;;;
;Trondheim;Trondheim City Bikes;Bycykler;;1998;2005;;200;;
;Trondheim;Trondheim City Bikes;3 Gen. Clear CC;;2005;;10;125;;
Poland;Bia?ystok;BiKeR;3 Gen. nextbike;;31 May 2014;;46;460;;
;Grodzisk Mazowiecki;Grodziski Rower Miejski;3 Gen. nextbike;;27 September 2014;;9;60;;
;Juchnowiec Ko?cielny[185];Rower Gminny;3 Gen. nextbike;;July 2015;;2;20;;
;Katowice[186];City by bike;3 Gen. nextbike;;May 2015;;3;40;;
;Konstancin;Konstanci?ski Rower Miejski;3 Gen. nextbike;;14 June 2014;;5;55;;
;Kraków;Wavelo;BikeU;;October 2008;;157;1500;;
;?ód?;?ódzki Rower Publiczny;3 Gen. nextbike;;30 April 2016;;148;1490;;
;Lublin;Lubelski Rower Miejski;3 Gen. nextbike;;19 September 2014;;90;891;;
;Opole;Opole Bike;3 Gen. nextbike;;15 June 2012;;16;164;;
;Pozna?[187];Pozna?ski Rower Miejski;3 Gen. nextbike;;April 2012;;89;973;;
;Rzeszów;RoweRes;;;2010;;16;;;
;Sopot[187];Rower Trójmiejski;3 Gen. nextbike;;5 September 2013;;8;80;;
;Szczecin[188];Bike S;3 Gen. nextbike;;2015;;85;724;;
;Toru?;Toru?ski Rower Miejski;;;April 2014;;12;120;;
;Warsaw;Bemowo Bike;3 Gen. nextbike;;1 April 2012;;15;140;;
;Warsaw[189];Veturilo;3 Gen. nextbike;;1 August 2012;;351;5100;;
;Wroc?aw[190];Wroc?awski Rower Miejski;3 Gen. nextbike;;June 2011;;76;760;;
Portugal;Águeda[191];beÁgueda;;;2011;;4;20;;
;Anadia[192];b?AND;;;2014;;11;;;
;Aveiro[193];Buga;;;2000;;1;300;;
;Cascais[194];biCas;;;2016;;80;700;;
;Lisbon[195];GIRA;;;2017;;74;700;;
;Vila do Conde;biConde;;;5 June 2014;;10;60;;
Romania;Bucharest[196];Cicloteque;Proprietary;;31 July 2008;;6;400;;
Russia;Almetyevsk;Gobike;;;September 2017[197];;dockless[198];45;;
;Kazan;Veli'k;3 Gen. Cyclocity;Russ Outdoor[199];1 July 2013;;6;120[200];;
;Moscow;Velobike;Smoove;CityBike;June 2013;;430;4300;;
;Saint-Petersburg;Velogorod;;;July 2014;;96;800;1400;
Serbia;Novi Sad;NS Bike;Parking Servis;;2011;;5;70;;
Slovakia;Bratislava;Whitebikes;Open Source Bike Share;;May 2014;;50;100;;
Slovenia;Celje[201];KolesCE;;Nomago;13 September 2018;;27[202];;;
;Kamnik;;;;;;;;;
;Kranj[203];KRsKOLESOM;;Mestna ob?ina Kranj;;;26[204];;;
;Ljubljana[205];Bicike(lj);Cyclocity;JCDecaux;12 May 2011;;33;215;;
;Rogaška Slatina in Pod?etrtek;;;;;;;;;
;Velenje;BICY;MICikel;;18 September 2012;;9;40;;
South Africa;Orania, Northern Cape[206];Orania Openbare Fietsprojek;;;16 July 2014;;3;30;;
South Korea;Changwon[207][208];NUBIJA;;;October 2008;;235;2348[209];;
;Daejeon;Ta-shu;;;;;145;;;
;Seoul[210];Ddareungi;;;15 October 2015;;1540[211];20000;;
Spain;Córdoba[212];Eco-bici;3 Gen. Cyclocity;JCDecaux;2003;;4;35;;
;Palma;Bicipalma;;;28 March 2011;;28;336;;
;Valencia[213];ValenbiSi!;3 Gen. Cyclocity;JCDecaux;22 June 2010;;276;2400;;
;Barcelona;Bicing;3 Gen. Clear CC;;22 March 2007;;424;6000;28093[214];
;Elche (Elx);bicielx;;;14 June 2010;;14;200;;
;Gijón;Gijon-Bici;3 Gen. Cyclocity;;2003;;8;64;;
;Girona[215][216];Girocleta;;;25 September 2009;;10;260;;
;Madrid[217];BiciMAD;;;May 2014;;123;1580;;
;Málaga, Andalucía;MálagaBici;Cemusa;;2013;;20;400;;
;Pamplona;n'bici;;;July 2007;;5;101;;
;Santander[218][219];Tusbic;3 Gen. Cyclocity;;September 2008;;15;180;;
;Seville[220];Sevici;3 Gen. Cyclocity;;April 2007;;259;2100;;
;Zaragoza;Bizi;3 Gen. Clear CC;;28 May 2008;;130;1000;;
Sweden;Gothenburg[221];Styr & Ställ;3 Gen. Cyclocity;JCDecaux;10 August 2010;;60;1000;;
;Lund;Lundahoj;3 Gen. Cyclocity;JCDecaux;20 August 2014;;17;250;;
;Malmö;Malmö By Bike;3 Gen. Clear CC;;14 May 2016;;50;500;;
;Stockholm;Stockholm City bikes;3 Gen. Clear CC;;April 2006;;67;1000;;
Switzerland;Sion;PubliBike;PubliBike;;2010;;7;69;;
;Aigle, Monthey;PubliBike;PubliBike;;2010;;10;99;;
;Bern;PubliBike;PubliBike;;2011;;8;54;;
;Freiburg;PubliBike;PubliBike;;2010;;8;94;;
;Lausanne;velopass (in French);;;June 2009;April 2013;;;;
;Lausanne;PubliBike;PubliBike;;April 2013;;23;251;;
;Lugano;PubliBike;PubliBike;;2010;;9;88;;
;Luzern;nextbike;3 Gen. nextbike;;2008;;30;280;;
;Nyon, Gland;PubliBike;PubliBike;;2011;;13;167;;
;Vevey;PubliBike;PubliBike;;2009;;5;41;;
Taiwan;Changhua;YouBike;;;May 2014;;68;1695;;
;Kaohsiung;C-bike;;;;;300;4800;;
;Taipei[222][223];YouBike;;;November 2009;;400;13072;;
Thailand;Bangkok;KU Mobike;Mobike;;2017;;;;;
;Bangkok;oBike;4 Gen. oBike;;July 2017;;;;;
;Bangkok[224];CU Bike;Smoove;;2012;;5;125;;
;Bangkok[225][226];Pun Pun Bike Share;;;2012;;50;500;;
;Chiang Mai;Mobike;Mobike;;2018;;;;;
Turkey;Izmir;Bisim;;;January 2014;;29;;;
;Kar??yaka;Karbis;3 Gen. nextbike;;January 2014;;6;;;
;Konya;nextbike;3 Gen. nextbike;;;;40;;;
Ukraine;Kiev;nextbike;3 Gen. nextbike;nextbike Kyiv LLC;15 August 2018[227];;33;100;;
;Lviv;nextbike;3 Gen. nextbike;nextbike Ukraine LLC;31 March 2016[228];;24;140;;
United Kingdom;Barton-upon-Humber (England);Factory Bikes;WhiteBikes;Elswick Hopper;19??;19??;;;;
;Belfast (Northern Ireland);Coca-Cola Zero Belfast Bikes;3 Gen. nextbike;NSL;27 April 2015;;30;300;;
;Blackpool (England)[229];Hire-a-Bike;Hourbike;;2009;;60;400;;
;Bristol (England);YoBike;YoBike;;May 2017;;;;;
;Cardiff (Wales);Nextbike;3 Gen. nextbike;;March 2018;;5;50;;
;Glasgow (Scotland);Mass Automated Cycle Hire (MACH);3 Gen. nextbike;;24 June 2014;;31;400[230];;
;Edinburgh (Scotland);Just Eat Cycles;Urban Sharing;Serco;24 June 2018;;50+;500[231];700[231];
;Liverpool (England);City Bike;;;May 2014;;130;1000[232];;
;Milton Keynes (England);SantanderCyclesMK;3 Gen. nextbike;CycleSaviours;17 June 2016;;42;300;;
;Newcastle (England);ScratchBikes;ScratchBikes;;2010;;12;60;;
;;(known as WhipBikes until 2011);;;;;;;;
;Nottingham (England);Ucycle;Sustrans & Evans Cycles;;2010;;0;460;;
;Portsmouth (England);Bikeabout;Public Velo;University of Portsmouth;1996;1998;2;;;
;Slough (England);Smoove;3 Gen. Smoove;;November 2013;;4;60;;
;Southampton (England);YoBike;YoBike;;September 2017;;;;;
;Cambridge (England);GreenBike;WhiteBikes;;1993;1995;;300;;
;London (England) [233][234];Santander Cycles (formerly Barclays Cycle Hire);PBSC;Serco;30 July 2010;;839;13600;;
United States;Aspen, Colorado;WE-cycle;PBSC;;June 2013;;16;200;;
;Boise, Idaho[235];Boise Bike Share;Social Bicycle;;16 April 2015;;15;117;;
;Boulder, Colorado[236][237];Boulder B-Cycle;3 Gen. B-Cycle;;2011;;23;120;;
;Broward County, Florida;Broward B-Cycle;3 Gen. B-Cycle;;2011;;35;;;
;Chicago, Illinois[238][239];Divvy;PBSC;Motivate;2013;;576;5837;13000;
;Denver, Colorado[240];Denver B-cycle;3 Gen. B-Cycle;;2010;;89;737;;
;Des Moines, Iowa[241][242];Des Moines B-cycle;3 Gen. B-Cycle;;2010;;4;18;;
;Indianapolis, Indiana[243];B-Cycle;;;May 2014;;25;300;;
;Meridian, Colorado;M-Bike;Zagster;;15 March 2010;;11;;;
;Miami Beach, Florida[244];Decobike;SandVault;;2011;;100;1000;;
;New York City[245][246][247][248][249];Citi Bike;PBSC & 8D;Motivate;27 May 2013;;739;10494;65000;
;Tampa, Florida[250];Coast Bike Share;3 Gen. CycleHop and Social Bicycles;;7 December 2014;;30;300;;
;Washington, D.C. area[251];Capital Bikeshare;PBSC & 8D;Motivate;2010;;406;4457;;
United States;Ann Arbor, Michigan[252];ArborBike;3 Gen. B-Cycle;;2014;;14;125;;
;Atlanta;Relay Bike Share;;;May 2016;;65;500;;
;Austin, Texas[253];Bike Share of Austin;3 Gen. B-Cycle;;December 2013;;46;375;;
;Austin;Yellow Bike Project;WhiteBikes;Austin YBP and city council;January 1997;;;200;;
;Battle Creek[254];Battle Creek BCycle;3 Gen. B-Cycle;;19 August 2013;;3;21;;
;Black Rock City[255];Yellow Bikes;Yellow Bikes;;;;;;;
;Boston, Massachusetts[256];Hubway;PBSC & 8D;Motivate;2011;;158;1461;3268;
;Charlotte, North Carolina[257];Charlotte B-Cycle;3 Gen. B-Cycle;;2012;;21;200;;
;Chattanooga, Tennessee[258];Bike Chattanooga Bicycle Transit System;PBSC;;2012;;37;334;;
;Cincinnati, Ohio[259];Red Bike;3 Gen. B-Cycle;;15 September 2014;;50;;;
;Columbus, Ohio;CoGo;PBSC;Motivate;July 2013;;41;335;;
;El Paso, Texas[260];El Paso BCycle;3 Gen. B-Cycle;;14 September 2015;;8;80;;
;Eugene, Oregon[261];PeaceHealth Rides;PeaceHealth Rides;;2018;;36;300;;
;Fairbanks, Alaska;Fairbikes;A2B Bikeshare;;24 September 2015;;;;;
;Fargo, ND[262][263];GreatRides;3 Gen. B-Cycle;;15 March 2010;;11;101;;
;Fort Worth, Texas[264];Fort Worth B-Cycle;3 Gen. B-Cycle;;22 April 2013;;32;300;;
;Fullerton, California;OCTA BikeShare;Bike Nation;;6 January 2014;;10;75;;
;Hoboken, New Jersey[265];Hudson Bike Share;3 Gen. nextbike;;September 2015;;29;250;;
;Houston, Texas[266][267];Houston B-cycle;3 Gen. B-Cycle;;2012;;51[268];400;;
;Jersey City[269];Citi Bike;8D;Motivate;September 2015;;35;350;;
;Kailua, Hawaii[270][271];Hawaii B-cycle;3 Gen. B-Cycle;;2011;;2;12;;
;Kansas City, Missouri[272];Kansas City B-cycle;3 Gen. B-Cycle;;2012;;30;300;;
;Kona District, Hawaii;;PBSC;;2016;;3;30;;
;Lansing, MI;Capital Community Bikeshare;A2B Bikeshare;;2014;;8;20;Closed[273];
;Lincoln, Nebraska[274];BikeLNK;3 Gen. B-Cycle;;2018;;105;20;;
;Los Angeles;Metro Bike Share;3 Gen. B-Cycle;;7 July 2016;;65;1000;;
;Madison, Wisconsin[275];Madison B-Cycle;3 Gen. B-Cycle;;2011;;39;350;;
;Milwaukee, Wisconsin[276][277];Bublr Bikes;3 Gen. B-Cycle;;2014;;87;400+;;
;Minneapolis, Minnesota and Saint Paul, Minnesota[278][279];Nice Ride;PBSC & 8D;;2010;;171;1833;;
;Oklahoma City, Oklahoma[280];Spokies;Spokies;;2012;;7;100;;
;Omaha, Nebraska[281];Omaha B-Cycle;3 Gen. B-Cycle;;2011;;5;35;;
;Philadelphia, Pennsylvania[282][283];Indego;3 Gen. B-Cycle;;23 April 2015;;105;1000;;
;Phoenix, Arizona;Grid Bike Share;3 Gen. CycleHop and Social Bicycles;;25 November 2014;;40;500;;
;Pittsburgh, Pennsylvania;Healthy Ride PGH;3 Gen. nextbike;;2015;;50;500;;
;Portland, Oregon;Biketown;;;19 July 2016;;100;1000;;
;Portland, Oregon;Yellow Bike Project;1 Gen. WhiteBikes;Yellow Bike Project;1994[284];1997[285];;1000;;
;Salt Lake City, Utah[286];SLC Bike Share;3 Gen. B-Cycle;;2013;;12;100;;
;San Antonio, Texas[287];San Antonio B-Cycle;3 Gen. B-Cycle;;2011;;68;600;;
;San Diego[288];DecoBike;DecoBike;JCDecaux;February 2015;;180;1800;;
;San Francisco Bay Area;;;;2013;;;;;
;San Francisco Bay Area[289];Ford GoBike;Motivate;;June 2017;;550;7000;;
;Santa Monica, California[290];United States of America;3 Gen. CycleHop and Social Bicycles;;13 August 2015;;80;500;;
;Savannah, Georgia[291];CAT Bike;3 Gen. B-Cycle;;24 January 2014;;2;16;;
;Seattle, Washington[292];Pronto Cycle Share;8D;Motivate;13 October 2014;;50;500;;
;Spartanburg, South Carolina[293];Spartanburg B-Cycle;3 Gen. B-Cycle;;2011;;5;40;;
