Country,City,Name,System,Operator,Launched,Discontinued,Stations,Bicycles,Daily ridership,...11
Albania,Tirana[5],Ecovolis,NA,NA,March 2011,NA,8,200,NA,NA
Argentina,Mendoza[6],Metrobici,NA,NA,2014,NA,2,40,NA,NA
NA,"San Lorenzo, Santa Fe",Biciudad,Biciudad,NA,27 November 2016,NA,8,80,NA,NA
NA,Buenos Aires[7][8],Ecobici,Serttel Brasil[9],Bike In Baires Consortium.[10],2010,NA,400,4000,21917,NA
NA,Rosario,Mi Bici Tu Bici[11],NA,NA,2 December 2015,NA,47,480,NA,NA
Australia,Melbourne[12],Melbourne Bike Share,PBSC&8D,Motivate,June 2010,NA,53,676,NA,NA
NA,Brisbane[13][14],CityCycle,3 Gen.Cyclocity,JCDecaux,September 2010,NA,150,2000,NA,NA
NA,Melbourne,oBike,4 Gen.oBike,NA,July 2017,NA,dockless,1250,NA,NA
NA,Sydney,oBike,4 Gen.oBike,NA,July 2017,NA,dockless,1250,NA,NA
NA,Sydney,Ofo,4 Gen.Ofo,NA,October 2017,NA,dockless,600,NA,NA
NA,Sydney,Reddy Go,Reddy Go,NA,July 2017,NA,NA,2000,NA,NA
Austria,Vienna,Citybike Wien[15],3 Gen.Cyclocity,JCDecauxGewista,June 2003,NA,121,1500,2800[16],NA
NA,Burgenland,LEIHRADL nextbike,3 Gen.nextbike,NA,2009,NA,40,NA,NA,NA
NA,Lower Austria[17],LEIHRADL nextbike,3 Gen.nextbike,NA,2009,NA,295,1300,NA,NA
NA,Salzburg,nextbike,3 Gen.nextbike,NA,2011,NA,NA,NA,NA,NA
NA,Vienna,Viennabike,2 Gen.,Association and city council,April 2002,November 2002,200,1500,NA,NA
NA,Vorarlberg,NA,3 Gen.nextbike,NA,2009,NA,14,70,NA,NA
Bangladesh,Dhaka,JoBike,JoBike,NA,2018,NA,5,300,NA,NA
Belgium,Namur[18],Libiavelo,3 Gen.Cyclocity,JCDecaux,21 April 2012,NA,24,200,NA,NA
NA,Antwerp,Velo,3 Gen.Clear CC,NA,9 June 2011,NA,302,3600,7010[19],NA
NA,Brussels[20],Villo!,3 Gen.Cyclocity,JCDecaux,19 May 2009(earlier system since 2006),NA,346,4115[21],NA,NA
Brazil,Salvador[22],Bike Salvador,Mobilicidade,NA,2013,NA,23,NA,NA,NA
NA,Belo Horizonte[23],Bikebh,Mobilicidade,NA,2014,NA,40,400,NA,NA
NA,Fortaleza,Bicicletar,Mobilicidade,NA,15 December 2014,NA,80,800,NA,NA
NA,Joo Pessoa[24],SAMBA,Mobilicidade,NA,NA,NA,3,20,NA,NA
NA,(Pedro de) Toledo[25],Toopedalando,Toopedalando,NA,2011,NA,6,60,NA,NA
NA,Rio de Janeiro[26],Bike Rio,Mobilicidade,NA,2011,NA,60,300,NA,NA
NA,So Paulo[27],Bikesampa,Mobilicidade,NA,2012,NA,241,600,NA,NA
NA,Sorocaba[28],Integrabike,Mobilicidade,NA,2012,NA,15,120,NA,NA
Bulgaria,Burgas,VeloBurgas,Mobilicidade,NA,2012,NA,10,120,NA,NA
Canada,Victoria[29],U-Bicycle,NA,NA,September 2017,NA,initially 150,NA,NA,NA
NA,Hamilton[30],Hamilton Bike Share,Social Bicycles,NA,20 March 2015,NA,100,750,NA,NA
NA,"Kitchener, Ontario[31][32]",Community Access Bicycles,Community Access Bicycles,NA,"2011, relaunched21 August 2013",NA,7,65,NA,NA
NA,Montreal[33],BIXI Montral,PBSC&8D,NA,2009,NA,540,6200,8808,NA
NA,Toronto[34],Bike Share Toronto(formerly Bixi Toronto),PBSC,Motivate,2011,NA,468,5000,6200,NA
NA,Vancouver,Mobi,3 Gen.CycleHop,NA,20 July 2016,NA,150,1500,NA,NA
Chile,Santiago,Bikesantiago,3 Gen.B-Cycle,NA,2013,NA,53,NA,NA,NA
China,Guangzhou[35][36],GZ-Public Bicycle,NA,NA,June 2010,NA,50,4840,NA,NA
NA,Lanxi,China,NA,NA,July 2014,NA,50,1500,NA,NA
NA,"Taizhou, Jiangsu[37]",NA,NA,NA,2014,NA,80,2000,NA,NA
NA,"Taizhou, Jiangsu[37]",China,NA,NA,2010,NA,200,13000,NA,NA
NA,Anqiu,Anqiu Public Bicycle,NA,NA,December 2013,NA,95,2280,NA,NA
NA,Baoji,Baoji Public Bicycle Service,NA,NA,September 2013,NA,100,2000,NA,NA
NA,Beijing,NA,NA,NA,2012,NA,508,16000,NA,NA
NA,Changzhou,Changzhou Public Bicycle,NA,NA,NA,NA,NA,NA,NA,NA
NA,Chengdu(Jinniu District)[38],,Shanghai Forever Bicycle Co.,NA,June 2010,NA,156,1500,NA,NA
NA,Chengdu(Gaoxin District[zh])[39],,NA,NA,December 2010,NA,72,1200,NA,NA
NA,Foshan,NA,NA,NA,August 2010,NA,208,11694,NA,NA
NA,Fuzhou,Fuzhou Public Bicycle,NA,NA,June 2011,NA,59,1400,NA,NA
NA,Haikou,NA,NA,NA,April 2013,NA,105,3000,NA,NA
NA,Haining,Haining Public Bicycle,NA,NA,October 2012,NA,100,2200,NA,NA
NA,Hangzhou[40][41],Hangzhou Public Bicycle,NA,NA,October 2008,NA,2965,78000,NA,NA
NA,Heihe,NA,NA,NA,May 2012,NA,62,2230,NA,NA
NA,Heze,NA,NA,NA,April 2014,NA,100,2000,NA,NA
NA,Hohhot,NA,NA,NA,October 2013,NA,112,5100,NA,NA
NA,Huaian[42],Huaian Public Bicycle,NA,NA,October 2013,NA,335,7000,NA,NA
NA,Huaibei,Huaibei Public Bicycle,NA,NA,April 2014,NA,100,3000,NA,NA
NA,Huangyan,Huangyan Public Bicycle,NA,NA,January 2012,NA,93,2500,NA,NA
NA,Huizhou,Guangzhou Huimin,NA,NA,April 2012,NA,100,10000,NA,NA
NA,Huzhou,Huzhou Public Bicycle,NA,NA,December 2013,NA,85,NA,NA,NA
NA,Jiangyin,NA,NA,NA,November 2008,NA,23,700,NA,NA
NA,Jiaxing,Jiaxing Public Bicycle,NA,NA,December 2011,NA,334,7800,NA,NA
NA,Jinhua,Jinhua Orange Public Bicycle Service,NA,NA,October 2013,NA,100,3000,NA,NA
NA,Jiujiang,NA,NA,NA,February 2014,NA,6,120,NA,NA
NA,Jiyuan,NA,NA,NA,September 2013,NA,32,500,NA,NA
NA,Kaixian,NA,NA,NA,January 2011,NA,58,1600,NA,NA
NA,Kunshan[43],NA,Forever Bicycle,NA,September 2010,NA,745,20000,NA,NA
NA,Lanzhou,Lanzhou Public Bicycle,NA,NA,June 2014,NA,111,2000,NA,NA
NA,Lhasa,NA,NA,NA,November 2013,NA,15,242,NA,NA
NA,Linhai,NA,NA,NA,June 2011,NA,82,2700,NA,NA
NA,Lishui,NA,NA,NA,February 2013,NA,26,800,NA,NA
NA,Luoyang,Luoyang Public Bicycle,NA,NA,25 May 2013,NA,35,1000,NA,NA
NA,Maanshan,Maanshan Public Bicycle,NA,NA,NA,NA,NA,NA,NA,NA
NA,Nanning,NA,NA,NA,December 2013,NA,50,1000,NA,NA
NA,Nantong[44],Nantong Economic and Technological Development Area Public Bicycle,Forever Publicbike Intelligent Systems,NA,1 January 2013,NA,182,3800,NA,NA
NA,Ningbo,Ningbo Public Bicycle,NA,NA,September 2013,NA,600,15000,NA,NA
NA,Qingzhou,NA,NA,NA,2010,NA,550,10300,NA,NA
NA,Shanghai[45][46][47][48],NA,Forever Bicycle,NA,March 2009,NA,596,19165,NA,NA
NA,Shaoxing[49],Shaoxing Public Bicycle,NA,NA,15 June 2011,NA,204,9000,NA,NA
NA,Shenzhen/Shekou/ Xiaomeisha,Shenzhen City Bicycle Public,Forever Bicycle,NA,September 2010,NA,16,350,NA,NA
NA,Suzhou,NA,NA,NA,2010,NA,976,22940,NA,NA
NA,Taiyuan,NA,NA,NA,September 2012,NA,1262,41000,NA,NA
NA,Weifang,Weifang Public Bicycle,NA,NA,October 2013,NA,735,20000,NA,NA
NA,Wuhu,NA,NA,NA,2012,NA,553,12000,NA,NA
NA,Wuxi,Wuxibike,NA,NA,January 2010,NA,27,1500,NA,NA
NA,Xi'an,Xianbicycle,NA,NA,April 2011,NA,900,20000,NA,NA
NA,Xuzhou,NA,NA,NA,September 2012,NA,480,18000,NA,NA
NA,Yangzhou,NA,NA,NA,March 2014,NA,140,5000,NA,NA
NA,Yantai,NA,NA,NA,August 2010,NA,110,6000,NA,NA
NA,Yiwu,NA,NA,NA,October 2013,NA,52,1000,NA,NA
NA,Yixing,Yixing Public Bicycle,NA,NA,December 2012,NA,148,3600,NA,NA
NA,Yueyang,NA,NA,NA,April 2014,NA,210,5000,NA,NA
NA,Zhangjiagang,Forever Bicycle,Forever Bicycle,NA,June 2010,NA,152,3200,NA,NA
NA,Zhenjiang[50],Zhenjiang Public Bicycle,NA,NA,1 April 2013,NA,80,2000,NA,NA
NA,Zhijin,NA,NA,NA,June 2014,NA,30,1000,NA,NA
NA,Zhongshan,NA,NA,NA,2010,NA,527,11180,NA,NA
NA,Zhuhai,NA,NA,NA,December 2012,NA,195,5000,NA,NA
NA,Zhuzhou,NA,Foshan Tianzhou,NA,May 2011,NA,1005,20000,NA,NA
Colombia,Medellin[51],EnCicla,3 Gen (formally 0 Gen),The Metropolitan Area of Aburra Valley[52],2011,NA,50,1400,NA,NA
Croatia,Zagreb[53],nextbike,3 Gen.nextbike,NA,May 2013,NA,21,100,NA,NA
Cyprus,Limassol[54],nextbike Cyprus,3 Gen.nextbike,NA,May 2012,NA,13,170,NA,NA
NA,Pissouri[55],e-asyGo.com Cyprus,own pedelecs,NA,April 2019,NA,3,10,NA,NA
NA,Nicosia[56],EasyBike,EasyBike[57],EasyBike,October 2011,NA,27,315,NA,NA
NA,"Limassol(& Agios Dometios,Aglandjia, Dali, Engomi, Latsia, Pallouriotissa,Strovolos)",Bike in Action,3 Gen.Smoove,NA,NA,NA,27,310[58],NA,NA
Czechia,Ostrava,Rekola,4 Gen.,NA,2018[59],NA,NA,180,NA,NA
NA,Prague,Rekola,4 Gen.[60],NA,2013[61],NA,NA,500,"4,700[62]",NA
NA,Brno,Rekola,4 Gen.,NA,2014[63],NA,NA,50,NA,NA
NA,Pardubice,Rekola,4 Gen.,NA,2014,2016,NA,NA,NA,NA
NA,?esk Bud?jovice,Rekola,4 Gen.,NA,2015[64],NA,NA,100,NA,NA
NA,Hradec Krlov,Rekola,4 Gen.,NA,2015[65],2016,NA,NA,NA,NA
NA,Olomouc,Rekola,4 Gen.,NA,2014[66],NA,NA,70,NA,NA
NA,Teplice,Rekola,4 Gen.,NA,2017[67],NA,NA,40,NA,NA
NA,Kladno,Rekola,4 Gen.,NA,2017[68],2017,NA,80,NA,NA
NA,Liberec,Rekola,4 Gen.,NA,2018[69],NA,NA,100,NA,NA
NA,Frdek-Mstek,Rekola,4 Gen.,NA,2018[70],NA,NA,80,NA,NA
NA,Prague,Freebike,NA,HomePort,NA,NA,NA,500[71],NA,NA
NA,Prague 4andBrno,Velonet,NA,Velonet,NA,NA,NA,[72],NA,NA
NA,Prague 7,Ofo,4 Gen.Ofo,Ofo,2017,Discontinued,NA,[73],NA,NA
NA,Prost?jov,Nextbike,3 Gen.nextbike,Nextbike,2019,NA,NA,180[74],NA,NA
NA,Ostrava,Nextbike,3 Gen.nextbike,Nextbike,2019,NA,NA,600[75],NA,NA
Denmark,Fars,NA,2 Gen,NA,1991,NA,NA,[76],NA,NA
NA,Aarhus,Aarhus City Bikes,2 Gen,Aarhus Municipality,March 2004,NA,52,450,NA,NA
NA,rhus,Bycyklen,2 Gen,NA,May 2007,NA,57,400,NA,NA
NA,Copenhagen,Bycyklen,Gobike,NA,16 August 2013[77],NA,105,1860,NA,NA
NA,Copenhagen,Bycykler Kbenhavn,2 Gen,NA,1995,"October 2012[78][79][80]Copenhagen municipality changed its mind and a new version was introduced in late 2013.[81]""",110,initially 800 (later 2500),NA,NA
Ecuador,Quito,BiciQ,BiciQ,NA,2012,NA,25,425,NA,NA
Emirates,Abu Dhabi[82],ADCB Bikeshare,8D,Cyacle,December 2014,NA,11,75,NA,NA
Finland,Helsinki,Helsinki City Bikes,3 Gen.Smoove,Helsinki City Transport (HKL),May 2017[83][84],NA,345,3450,NA,NA
NA,Helsinki,Helsinki City Bikes,2 Gen.,Helsinki City Transport (HKL),2000,2010[85],NA,NA,NA,NA
NA,Vaasa,Rekola,4 Gen.,NA,2018[86],NA,NA,60,NA,NA
France,Avignon[87],Vlopop',3 Gen.Smoove,NA,July 2009,NA,17,200,NA,NA
NA,Crteil[88],Cristolib,3 Gen.Cyclocity,JCDecaux,April 2010,NA,10,75,NA,NA
NA,Lyon[89],Vlo'v,3 Gen.Cyclocity,NA,19 May 2005[90][91],NA,348,4000,NA,NA
NA,Marseille[92],Le vlo,3 Gen.Cyclocity,NA,2007,NA,122,672,NA,NA
NA,Mulhouse[93],VloCit,3 Gen.Cyclocity,NA,15 September 2007,NA,40,240,NA,NA
NA,Nancy[94],VlOstan,3 Gen.Cyclocity,JCDecaux,27 September 2009,NA,29,250,675[95],NA
NA,Nantes[96],Bicloo,3 Gen.Cyclocity,NA,May 2008,NA,103,885,3640[95],NA
NA,Paris[97],Vlib',3 Gen.Cyclocity,JCDecaux,15 July 2007,31 December 2017,1229,14500,"'108,09",NA
NA,Grand Paris[98],Vlib' Mtropole,3 Gen.Smoove,Smovengo[99],1 January 2018[100],NA,1100,20000,NA,NA
NA,Toulouse[101],VlToulouse,3 Gen.Cyclocity,NA,16 November 2007,NA,280,2465,NA,NA
NA,"Valence, Drme[102]",Liblo,3 Gen.Smoove,Transdev,March 2010,NA,20,380,NA,NA
NA,Amiens[103],Vlam,3 Gen.Cyclocity,NA,February 2008,NA,26,250,376[95],NA
NA,Angers[104],VloCit,3 Gen.Cyclocity,NA,2004,NA,NA,NA,NA,NA
NA,Belfort,Optymo,3 Gen.Smoove,NA,May 2013,NA,21,200,NA,NA
NA,Besanon[105],VloCit,3 Gen.Cyclocity,NA,September 2007,NA,30,200,380[95],NA
NA,Bordeaux,VCUB,Keolis,NA,February 2010,NA,139,1545,NA,NA
NA,Caen,V'eol,3 Gen.Clear CC,NA,March 2008,NA,40,350,NA,NA
NA,Calais,Vel'in,OYBike,NA,July 2010,NA,37,160,NA,NA
NA,Cergy-Pontoise[106],VlO2,Cyclocity,JCDecaux,March 2009,NA,42,320,NA,NA
NA,Chalon-sur-Sane,Rflex,3 Gen.Smoove,Transdev,December 2007,NA,14,100,NA,NA
NA,Clermont-Ferrand,C.Vlo,3 Gen.Smoove,SMTC,June 2013,NA,10 (22),100 (220),NA,NA
NA,Dijon,Velodi,3 Gen.Clear CC,NA,February 2008,NA,39,400,NA,NA
NA,Dunkirk,Dk'vlo,Veolia,NA,2013,NA,20,200,NA,NA
NA,Grenoble,Mtrovlo,3 Gen.Smoove,NA,2006,NA,16,1250,NA,NA
NA,La Rochelle,Ylo,Homeport,NA,February 2010,NA,63,300,NA,NA
NA,La Rochelle,Vlos Jaunes,Zero Generation,NA,1974,Discontinued,NA,NA,NA,NA
NA,Lille,V'Lille,Keolis,NA,2011,NA,215,1100,NA,NA
NA,Montpellier,Vlomagg',3 Gen.Smoove,NA,June 2007,NA,52,2414,NA,NA
NA,Nice,Vlo Bleu,OYBike,NA,July 2009,NA,175,1750,NA,NA
NA,Orlans,Vlo'+,EFFIA,NA,June 2007,NA,33,300,NA,NA
NA,Pau,IDEcycle,NA,NA,NA,NA,20,220,NA,NA
NA,Perpignan,BIP!,3 Gen.Clear CC,NA,February 2008,NA,15,150,NA,NA
NA,Poitiers,Cap'Vlo,NA,NA,September 2007,NA,NA,360,NA,NA
NA,Rennes[107],LE vlo STAR,3 Gen.Clear CC,NA,June 1998,NA,82,800,NA,NA
NA,Rouen[108],Cy'clic,3 Gen.Cyclocity,NA,December 2007,NA,21,190,NA,NA
NA,St. Etienne,Vlivert,3 Gen.Smoove,NA,26 June 2010,NA,30,700,NA,NA
NA,NA,formerly Vlo Vert,NA,NA,NA,NA,NA,NA,NA,NA
NA,Strasbourg,Vlhop,3 Gen.Smoove,NA,October 2010,NA,4,1852,NA,NA
NA,Vannes,Vloca,OYBike,NA,June 2009,NA,20,174,NA,NA
Georgia,Batumi,BatumVelo[109],3 Gen.SmooveKey[110],Batumi Avtotransporti[111],May 2013,NA,24[111],370[111],NA,NA
Germany,Aachen,Velocity[112],3 Gen.,NA,27 June 2008,NA,46,NA,NA,NA
NA,Aschaffenburg,nextbike,3 Gen.,NA,NA,NA,4,NA,NA,NA
NA,Aschaffenburg,Call a Bike,3Call a Bike,NA,NA,NA,NA,NA,NA,NA
NA,Baden-Baden,Call a Bike,3 & 4 Gen.Call a Bikeflex,NA,NA,NA,NA,NA,NA,NA
NA,Berlin,Call a Bike[113],3 & 4 Gen.Call a Bikeflex,NA,March 2003,2016,dockless,NA,NA,NA
NA,Berlin,LIDL-BIKES -Call a Bike[113],3 & 4 Gen.Call a Bikeflex,NA,March 2017,NA,350 & dockless,3500,NA,NA
NA,Berlin,nextbike,3 Gen.nextbike,NA,2009,NA,500,300,NA,NA
NA,Berlin,Ofo,4 Gen.Ofo,NA,October 2016,August 2018,NA,NA,NA,NA
NA,Berlin,Donkey Republic Berlin[114],4 Gen.,NA,April 2017,NA,NA,600,NA,NA
NA,Berlin,Mobike[115],4 Gen.,NA,November 2017,NA,NA,700,NA,NA
NA,Berlin,fLotte[116],0. Gen,Freie Lastenrder[117],March 2018,NA,NA,12,NA,NA
NA,Berlin,LimeBike[118],4 Gen.,NA,April 2018,NA,NA,500,NA,NA
NA,Berlin,Jump Bikes[119],4 Gen.,Jump Bikes,November 2018,NA,NA,100,NA,NA
NA,Bielefeld,nextbike,3 Gen.nextbike,NA,2009,NA,10,NA,NA,NA
NA,Bochum,metropolradruhr,3 Gen.nextbike,NA,2010,NA,6,30,NA,NA
NA,Bonn,nextbike,3 & 4 Gen.Call a Bikeflex,NA,October 2018,NA,15 & dockless[120],500,NA,NA
NA,Bottrop,metropolradruhr,3 Gen.nextbike,NA,2010,NA,15,NA,NA,NA
NA,Bremen,LimeBike[121],4 Gen.,NA,March 2018,NA,NA,500,NA,NA
NA,Coburg,nextbike,3 Gen.nextbike,NA,2009,NA,5,NA,NA,NA
NA,Cologne,Call a Bike,3 & 4 Gen.Call a Bikeflex,NA,March 2000,NA,dockless,NA,NA,NA
NA,"Ruhr Area,Dortmund",metropolradruhr,3 Gen.nextbike,NA,2010,NA,27,NA,NA,NA
NA,Darmstadt,Call a Bike,3 & 4 Gen.Call a Bikeflex,NA,2014,NA,30,350[122],NA,NA
NA,Dresden,nextbikebranded SZ-Bike since 2017[123],3 Gen.nextbike,DVB[124],2005,NA,30+,500,NA,NA
NA,Duisburg,metropolradruhrnextbike,3 Gen.,NA,September 2010,NA,14,NA,NA,NA
NA,Dsseldorf[125],nextbike,3 Gen.nextbike,NA,2008,NA,45,400,NA,NA
NA,Dsseldorf,Flexbeee[126],4 Gen.,NA,July 2018,NA,NA,400,NA,NA
NA,Dsseldorf,Mobike[127],4 Gen.,NA,30 May 2018,NA,NA,600,NA,NA
NA,Dsseldorf,Call a Bikebranded FordPass Bike[128],3 Gen.Call a Bike,NA,October 2017,NA,135,1200,NA,NA
NA,Dortmund,metropolradruhr,3 Gen.nextbike,NA,July 2008,NA,55,400,NA,NA
NA,Dreieich,Byke,4 Gen.,NA,October 2017,NA,NA,100,NA,NA
NA,Erfurt,nextbike,3 Gen.nextbike,NA,2009,NA,10,30,NA,NA
NA,Essen,metropolradruhr,3 Gen.nextbike,NA,2010,NA,25,NA,NA,NA
NA,Flensburg,nextbike,3 Gen.nextbike,NA,2009,NA,10,30,NA,NA
NA,Frankfurt am Main,Call a Bike,3 & 4 Gen.Call a Bikeflex,NA,March 2000,NA,dockless,NA,NA,NA
NA,Frankfurt am Main,nextbike,3 Gen.nextbike,NA,2009,NA,30,300,NA,NA
NA,Frankfurt am Main,Byke[129],4 Gen.,NA,October 2017,NA,NA,100,NA,NA
NA,Frankfurt am Main,LimeBike[130],4 Gen.,NA,January 2018,NA,NA,500,NA,NA
NA,Gelsenkirchen,metropolradruhr,3 Gen.nextbike,NA,2010,NA,4,NA,NA,NA
NA,Freiburg im Breisgau,Call a Bike,3 & 4 Gen.Call a Bikeflex,NA,2010,NA,NA,NA,NA,NA
NA,Freiburg im Breisgau,nextbike,3 Gen.nextbike,NA,2019,NA,NA,NA,NA,NA
NA,Hamburg,StadtRAD Hamburg,3 & 4 Gen.Call a Bikeflex,Deutsche Bahn,July 2009,NA,200,2450,NA,NA
NA,Hamburg[131],nextbike,3 Gen.nextbike,NA,2008,NA,30,250,NA,NA
NA,Hamm,metropolradruhr,3 Gen.nextbike,NA,2010,NA,10,50,NA,NA
NA,Hannover,oBike,4 Gen.oBike,NA,2017,NA,NA,500,NA,NA
NA,Herne,metropolradruhr,3 Gen.nextbike,NA,2010,NA,7,45,NA,NA
NA,Karlsruhe,NA,NA,NA,NA,NA,NA,NA,NA,NA
NA,Kassel,Konrad,NA,NA,NA,NA,NA,NA,NA,NA
NA,Leipzig[132],nextbike,3 Gen.nextbike,NA,2008,NA,60,500,NA,NA
NA,Magdeburg,nextbike,3 Gen.nextbike,NA,2008,NA,21,100,NA,NA
NA,Mainz,MVGmeinRad,NA,NA,July 2011,NA,120,1000,NA,NA
NA,Munich,Call a Bike,4 Gen.Call a Bikeflex,NA,March 2000,NA,dockless,NA,NA,NA
NA,Munich,nextbike,3 Gen.nextbike,NA,2011,NA,30,3000,NA,NA
NA,Oberhausen,metropolradruhr,3 Gen.nextbike,NA,2010,NA,8,40,NA,NA
NA,Offenburg,nextbike,3 Gen.nextbike,NA,2010,NA,13,86,NA,NA
NA,Potsdam,nextbike,3 Gen.nextbike,NA,2010,NA,20,150,NA,NA
NA,Stuttgart,Call a Bike,4 Gen.Call a Bikefix,NA,June 2007,NA,64,400,NA,NA
NA,Tbingen,nextbike,3 Gen.nextbike,NA,2009,NA,9,50,NA,NA
NA,Tbingen,nextbike,3 Gen.nextbike,NA,2009,NA,9,50,NA,NA
NA,Mlheim a. Ruhr,metropolradruhr,3 Gen.nextbike,NA,2010,NA,13,65,NA,NA
Greece,Aigialeia[133],Cyclopolis,3 Gen.,NA,2013,NA,3,45,NA,NA
NA,Aktio-Vonitsa[133][134],Cyclopolis,3 Gen.,NA,2013,NA,3,35,NA,NA
NA,Ancient Olympia[133][135],Cyclopolis,3 Gen.,NA,2013,NA,4,60,NA,NA
NA,Corfu[136],EasyBike[137],3 Gen.Smoove[138][139][140][136],NA,November 2010,NA,8,100[57],NA,NA
NA,Didymteicho[133][141],EasyBike,3 Gen.Smoove,NA,May 2013,NA,8,100,NA,NA
NA,East Mani[133][134],EasyBike,3 Gen.Smoove,NA,2013,NA,6,100,NA,NA
NA,Ioannina[142],EasyBike,3 Gen.Smoove,NA,September 2012,NA,2,10,NA,NA
NA,Iraklio[143],EasyBike,3 Gen.Smoove,NA,April 2010[144],NA,NA,100,NA,NA
NA,Karditsa[145],EasyBike,3 Gen.Smoove,NA,March 2013,NA,10,60,NA,NA
NA,Kavala[133][146],EasyBike,3 Gen.Smoove,NA,2013,NA,4,52,NA,NA
NA,Keratsini-Drapetsna[133][147],EasyBike,3 Gen.Smoove,NA,November 2012,NA,6,70,NA,NA
NA,Komotini[133][148],EasyBike,3 Gen.Smoove,NA,2013,NA,6,100,NA,NA
NA,Marathnas[134],Cyclopolis,3 Gen.,NA,2013,NA,4,50,NA,NA
NA,Maroussi[133][149],Cyclopolis,3 Gen.,NA,February 2013,NA,6,70,NA,NA
NA,Moschto-Tvros[150],Cyclopolis,3 Gen.,NA,January 2013,NA,5,60,NA,NA
NA,Nfplion[133][151],Cyclopolis,3 Gen.,NA,June 2013,NA,4,60,NA,NA
NA,Naupactus[133][152],EasyBike,3 Gen.Smoove,NA,January 2013,NA,4,60,NA,NA
NA,Municipality of Nafpaktos[153],NA,0 Gen.,NA,June 2010,NA,NA,NA,NA,NA
NA,municipality bike rental,NA,NA,NA,NA,NA,NA,NA,NA,NA
NA,Nea Erithra[153],NA,0 Gen.,NA,2010,NA,NA,NA,NA,NA
NA,municipality bike rental,NA,NA,NA,NA,NA,NA,NA,NA,NA
NA,Nea Smyrni[134],Cyclopolis,3 Gen.,NA,2013,NA,3,40,NA,NA
NA,Salonica[154],Aristotle University of ThessalonikiBike,0 Gen.,NA,May 2012,NA,NA,60,NA,NA
NA,Sikyona[133][134],Cyclopolis,3 Gen.,NA,2013,NA,4,24,NA,NA
Hungary,Budapest,MOL BuBi,3 Gen.,NA,April 2014[155],NA,126,1526[156],NA,NA
NA,Esztergom,EBI,NA,NA,20 September 2013[157],NA,9,93,NA,NA
NA,Gy?r,Gy?rBike,NA,NA,7 September 2015,NA,23,180[158],NA,NA
NA,Kaposvr,Kapsvri Tekerg?[159],NA,NA,27 October 2015,NA,4,32 (including 6 rollers)[159],NA,NA
NA,Szeged,CityBike Szeged[160],CityBike Szeged,NA,1 October 2013[161],NA,12,100,NA,NA
India,Bengaluru,Namma Cycle,NA,NA,2013,NA,NA,150,NA,NA
NA,Mumbai,"FreMo, Cycle Chalao",NA,NA,2012,NA,NA,NA,NA,NA
NA,Mysuru,"Embarq, India",NA,NA,2009,NA,52,NA,NA,NA
NA,New Delhi,Greenolution,NA,NA,2007,NA,7,NA,NA,NA
Indonesia,Bandung[162],Boseh,Banopolis,NA,July 2017,NA,30,350,NA,NA
Iran,Urmia,U Bike,U Bike,NA,10 June 2016,NA,20,250,NA,NA
NA,Tehran,Bdood,Bdood,NA,1 August 2017,NA,55,5700,NA,NA
Ireland,Cork,Coca-Cola Zero Bikes,NA,NTA& An Rothar Nua,18 December 2014,NA,31,320,NA,NA
NA,Dublin[163][164],Dublin Bikes,Cyclocity,JCDecaux,September 2009,NA,102,950,NA,NA
NA,Galway,Coca-Cola Zero Bikes,NA,NTA& An Rothar Nua,24 November 2014,NA,19,205,NA,NA
NA,Limerick,Coca-Cola Zero Bikes,NA,NTA& An Rothar Nua,8 December 2014,NA,23,215,NA,NA
Israel,Tel Aviv[165],Tel-O-Fun,NA,NA,April 2016,NA,200+,2000,NA,NA
Italy,Alpignano,ToBike,NA,NA,NA,NA,2,8,NA,NA
NA,Brescia,Bicimia,NA,NA,NA,NA,65,395,NA,NA
NA,Carugate[166],Meglio in Bici,NA,NA,5 May 2012,NA,3,30,NA,NA
NA,Cernusco sul Naviglio[166],Meglio in Bici,NA,NA,5 May 2012,NA,3,40,NA,NA
NA,Collegno,ToBike,NA,NA,NA,NA,10,35,NA,NA
NA,Druento,ToBike,NA,NA,NA,NA,1,5,NA,NA
NA,Florence,Ofo,NA,NA,2017[167],NA,NA,NA,NA,NA
NA,Grugliasco,ToBike,NA,NA,NA,NA,9,30,NA,NA
NA,Milan,BikeMi[168],3 Gen.Clear CC,NA,8 December 2008[169],NA,282[170],4650 (1000 E)[171],19000,NA
NA,Milan,Mobike,4 Gen.,NA,30 August 2017,NA,dockless,8000,NA,NA
NA,Milan,Ofo,4 Gen.Ofo,NA,20 September 2017,NA,dockless,4000,NA,NA
NA,Milan,Bitride Sharing,Zehus,NA,1 March 2018,31 December 2018,dockless,350,NA,NA
NA,Padua,GoodBike Padova,NA,NA,NA,NA,28,NA,NA,NA
NA,Padua,Mobike,NA,NA,NA,NA,dockless,NA,NA,NA
NA,Pioltello[166],Meglio in Bici,NA,NA,5 May 2012,NA,2,20,NA,NA
NA,Pisa[166],Ciclopi,NA,NA,May 2013,NA,15,200,NA,NA
NA,Rimini[172],Rimini in Bici,NA,NA,NA,NA,16,NA,NA,NA
NA,Rome,Roma'n'Bike,NA,NA,NA,NA,19,200,NA,NA
NA,Turin,ToBike,NA,NA,4 March 2011,NA,184,NA,NA,NA
Venaria Reale,ToBike,NA,NA,NA,NA,10,35,NA,NA,NA
Japan,"Toyama, Toyama[173]",Cyclocity Toyama,Cyclocity,JCDecaux,22 March 2010,NA,17,130,NA,NA
NA,Kyoto[174],Community Cycle,NA,NA,NA,NA,5,NA,NA,NA
NA,Yokohama,Baybike,NA,NA,April 2011,NA,15,300,NA,NA
Kazakhstan,Almaty,Almatybike[175],3 Gen.Smoove[176],NA,June 2016,NA,300,1700,NA,NA
NA,Astana,Astanabike[177],3 Gen.Smoove[178],NA,July 2014,NA,250,1280,NA,NA
NA,Shymkent,Shymkentbike[179],3 Gen.Smoove[180],NA,July 2016,NA,40,200,NA,NA
Latvia,"Riga,Jurmala",BalticBike,NA,NA,NA,NA,20,NA,NA,NA
Lithuania,Vilnius[181],CycloCity,3 Gen.Cyclocity,JCDecaux,2013,NA,33,300,NA,NA
Luxembourg,Luxembourg City[182],Vel'oh,3 Gen.Cyclocity,NA,March 2008,NA,73,680,NA,NA
Malaysia,George Town,LinkBike,Fast Rent Bike (PG),NA,December 2016,NA,25,250,NA,NA
Mexico,Guadalajara,MIBICI,PBSC,NA,2014,NA,NA,242,2116,NA
NA,Mexico City[183],Ecobici,3 Gen.Clear CC,NA,2010,NA,452,6500,31000,NA
NA,Toluca,NA,PBSC,NA,NA,NA,NA,NA,NA,NA
Netherlands,"Towns and cities in the Netherlands: all over the country, mainly at railway stations",OV-fiets,OV-Fiets/Nederlandse Spoorwegen,NA,2003,NA,230,15000[184],NA,NA
NA,Amsterdam,WhiteBikes,WhiteBikes,Provo,1965,1966,NA,50,NA,NA
NA,Towns and cities in the Netherlands: several locations,Bikedispenser,NA,NA,2005,NA,5,500,NA,NA
NA,"Delft,RotterdamandThe Hague",Mobike,4 Gen.,NA,2018/2019,NA,NA,NA,NA,NA
Norway,Drammen,Drammen City Bikes,3 Gen.Clear CC,NA,2001,NA,NA,NA,NA,NA
NA,Oslo,Oslo Bysykkel,3 Gen.Clear CC,NA,2003,NA,106,NA,NA,NA
NA,Sandnes,NA,WhiteBikes,volunteers and city council,1996,2002,NA,225,NA,NA
NA,Sandnes,NA,3 Gen.Clear CC,NA,2002,NA,NA,NA,NA,NA
NA,Trondheim,Trondheim City Bikes,Bycykler,NA,1998,2005,NA,200,NA,NA
NA,Trondheim,Trondheim City Bikes,3 Gen.Clear CC,NA,2005,NA,10,125,NA,NA
Poland,Bia?ystok,BiKeR,3 Gen.nextbike,NA,31 May 2014,NA,46,460,NA,NA
NA,Grodzisk Mazowiecki,Grodziski Rower Miejski,3 Gen.nextbike,NA,27 September 2014,NA,9,60,NA,NA
NA,Juchnowiec Ko?cielny[185],Rower Gminny,3 Gen.nextbike,NA,July 2015,NA,2,20,NA,NA
NA,Katowice[186],City by bike,3 Gen.nextbike,NA,May 2015,NA,3,40,NA,NA
NA,Konstancin,Konstanci?ski Rower Miejski,3 Gen.nextbike,NA,14 June 2014,NA,5,55,NA,NA
NA,Krakw,Wavelo,BikeU,NA,October 2008,NA,157,1500,NA,NA
NA,?d?,?dzki Rower Publiczny,3 Gen.nextbike,NA,30 April 2016,NA,148,1490,NA,NA
NA,Lublin,Lubelski Rower Miejski,3 Gen.nextbike,NA,19 September 2014,NA,90,891,NA,NA
NA,Opole,Opole Bike,3 Gen.nextbike,NA,15 June 2012,NA,16,164,NA,NA
NA,Pozna?[187],Pozna?ski Rower Miejski,3 Gen.nextbike,NA,April 2012,NA,89,973,NA,NA
NA,Rzeszw,RoweRes,NA,NA,2010,NA,16,NA,NA,NA
NA,Sopot[187],Rower Trjmiejski,3 Gen.nextbike,NA,5 September 2013,NA,8,80,NA,NA
NA,Szczecin[188],Bike S,3 Gen.nextbike,NA,2015,NA,85,724,NA,NA
NA,Toru?,Toru?ski Rower Miejski,NA,NA,April 2014,NA,12,120,NA,NA
NA,Warsaw,Bemowo Bike,3 Gen.nextbike,NA,1 April 2012,NA,15,140,NA,NA
NA,Warsaw[189],Veturilo,3 Gen.nextbike,NA,1 August 2012,NA,351,5100,NA,NA
NA,Wroc?aw[190],Wroc?awski Rower Miejski,3 Gen.nextbike,NA,June 2011,NA,76,760,NA,NA
Portugal,gueda[191],begueda,NA,NA,2011,NA,4,20,NA,NA
NA,Anadia[192],b?AND,NA,NA,2014,NA,11,NA,NA,NA
NA,Aveiro[193],Buga,NA,NA,2000,NA,1,300,NA,NA
NA,Cascais[194],biCas,NA,NA,2016,NA,80,700,NA,NA
NA,Lisbon[195],GIRA,NA,NA,2017,NA,74,700,NA,NA
NA,Vila do Conde,biConde,NA,NA,5 June 2014,NA,10,60,NA,NA
Romania,Bucharest[196],Cicloteque,Proprietary,NA,31 July 2008,NA,6,400,NA,NA
Russia,Almetyevsk,Gobike,NA,NA,September 2017[197],NA,dockless[198],45,NA,NA
NA,Kazan,Veli'k,3 Gen.Cyclocity,Russ Outdoor[199],1 July 2013,NA,6,120[200],NA,NA
NA,Moscow,Velobike,Smoove,CityBike,June 2013,NA,430,4300,NA,NA
NA,Saint-Petersburg,Velogorod,NA,NA,July 2014,NA,96,800,1400,NA
Serbia,Novi Sad,NS Bike,Parking Servis,NA,2011,NA,5,70,NA,NA
Slovakia,Bratislava,Whitebikes,Open Source Bike Share,NA,May 2014,NA,50,100,NA,NA
Slovenia,Celje[201],KolesCE,NA,Nomago,13 September 2018,NA,27[202],NA,NA,NA
NA,Kamnik,NA,NA,NA,NA,NA,NA,NA,NA,NA
NA,Kranj[203],KRsKOLESOM,NA,Mestna ob?ina Kranj,NA,NA,26[204],NA,NA,NA
NA,Ljubljana[205],Bicike(lj),Cyclocity,JCDecaux,12 May 2011,NA,33,215,NA,NA
NA,Rogaka SlatinainPod?etrtek,NA,NA,NA,NA,NA,NA,NA,NA,NA
NA,Velenje,BICY,MICikel,NA,18 September 2012,NA,9,40,NA,NA
South Africa,"Orania, Northern Cape[206]",Orania Openbare Fietsprojek,NA,NA,16 July 2014,NA,3,30,NA,NA
South Korea,Changwon[207][208],NUBIJA,NA,NA,October 2008,NA,235,2348[209],NA,NA
NA,Daejeon,Ta-shu,NA,NA,NA,NA,145,NA,NA,NA
NA,Seoul[210],Ddareungi,NA,NA,15 October 2015,NA,1540[211],20000,NA,NA
Spain,Crdoba[212],Eco-bici,3 Gen.Cyclocity,JCDecaux,2003,NA,4,35,NA,NA
NA,Palma,Bicipalma,NA,NA,28 March 2011,NA,28,336,NA,NA
NA,Valencia[213],ValenbiSi!,3 Gen.Cyclocity,JCDecaux,22 June 2010,NA,276,2400,NA,NA
NA,Barcelona,Bicing,3 Gen.Clear CC,NA,22 March 2007,NA,424,6000,28093[214],NA
NA,Elche (Elx),bicielx,NA,NA,14 June 2010,NA,14,200,NA,NA
NA,Gijn,Gijon-Bici,3 Gen.Cyclocity,NA,2003,NA,8,64,NA,NA
NA,Girona[215][216],Girocleta,NA,NA,25 September 2009,NA,10,260,NA,NA
NA,Madrid[217],BiciMAD,NA,NA,May 2014,NA,123,1580,NA,NA
NA,"Mlaga,Andaluca",MlagaBici,Cemusa,NA,2013,NA,20,400,NA,NA
NA,Pamplona,n'bici,NA,NA,July 2007,NA,5,101,NA,NA
NA,Santander[218][219],Tusbic,3 Gen.Cyclocity,NA,September 2008,NA,15,180,NA,NA
NA,Seville[220],Sevici,3 Gen.Cyclocity,NA,April 2007,NA,259,2100,NA,NA
NA,Zaragoza,Bizi,3 Gen.Clear CC,NA,28 May 2008,NA,130,1000,NA,NA
Sweden,Gothenburg[221],Styr & Stll,3 Gen.Cyclocity,JCDecaux,10 August 2010,NA,60,1000,NA,NA
NA,Lund,Lundahoj,3 Gen.Cyclocity,JCDecaux,20 August 2014,NA,17,250,NA,NA
NA,Malm,Malm By Bike,3 Gen.Clear CC,NA,14 May 2016,NA,50,500,NA,NA
NA,Stockholm,Stockholm City bikes,3 Gen.Clear CC,NA,April 2006,NA,67,1000,NA,NA
Switzerland,Sion,PubliBike,PubliBike,NA,2010,NA,7,69,NA,NA
NA,"Aigle,Monthey",PubliBike,PubliBike,NA,2010,NA,10,99,NA,NA
NA,Bern,PubliBike,PubliBike,NA,2011,NA,8,54,NA,NA
NA,Freiburg,PubliBike,PubliBike,NA,2010,NA,8,94,NA,NA
NA,Lausanne,velopass(in French),NA,NA,June 2009,April 2013,NA,NA,NA,NA
NA,Lausanne,PubliBike,PubliBike,NA,April 2013,NA,23,251,NA,NA
NA,Lugano,PubliBike,PubliBike,NA,2010,NA,9,88,NA,NA
NA,Luzern,nextbike,3 Gen.nextbike,NA,2008,NA,30,280,NA,NA
NA,"Nyon,Gland",PubliBike,PubliBike,NA,2011,NA,13,167,NA,NA
NA,Vevey,PubliBike,PubliBike,NA,2009,NA,5,41,NA,NA
Taiwan,Changhua,YouBike,NA,NA,May 2014,NA,68,1695,NA,NA
NA,Kaohsiung,C-bike,NA,NA,NA,NA,300,4800,NA,NA
NA,Taipei[222][223],YouBike,NA,NA,November 2009,NA,400,13072,NA,NA
Thailand,Bangkok,KU Mobike,Mobike,NA,2017,NA,NA,NA,NA,NA
NA,Bangkok,oBike,4 Gen.oBike,NA,July 2017,NA,NA,NA,NA,NA
NA,Bangkok[224],CU Bike,Smoove,NA,2012,NA,5,125,NA,NA
NA,Bangkok[225][226],Pun Pun Bike Share,NA,NA,2012,NA,50,500,NA,NA
NA,Chiang Mai,Mobike,Mobike,NA,2018,NA,NA,NA,NA,NA
Turkey,Izmir,Bisim,NA,NA,January 2014,NA,29,NA,NA,NA
NA,Kar??yaka,Karbis,3 Gen.nextbike,NA,January 2014,NA,6,NA,NA,NA
NA,Konya,nextbike,3 Gen.nextbike,NA,NA,NA,40,NA,NA,NA
Ukraine,Kiev,nextbike,3 Gen.nextbike,nextbike Kyiv LLC,15 August 2018[227],NA,33,100,NA,NA
NA,Lviv,nextbike,3 Gen.nextbike,nextbike Ukraine LLC,31 March 2016[228],NA,24,140,NA,NA
United Kingdom,Barton-upon-Humber(England),Factory Bikes,WhiteBikes,Elswick Hopper,19??,19??,NA,NA,NA,NA
NA,Belfast(Northern Ireland),Coca-Cola Zero Belfast Bikes,3 Gen.nextbike,NSL,27 April 2015,NA,30,300,NA,NA
NA,Blackpool(England)[229],Hire-a-Bike,Hourbike,NA,2009,NA,60,400,NA,NA
NA,Bristol(England),YoBike,YoBike,NA,May 2017,NA,NA,NA,NA,NA
NA,Cardiff(Wales),Nextbike,3 Gen.nextbike,NA,March 2018,NA,5,50,NA,NA
NA,Glasgow(Scotland),Mass Automated Cycle Hire (MACH),3 Gen.nextbike,NA,24 June 2014,NA,31,400[230],NA,NA
NA,Edinburgh(Scotland),Just Eat Cycles,Urban Sharing,Serco,24 June 2018,NA,50+,500[231],700[231],NA
NA,Liverpool(England),City Bike,NA,NA,May 2014,NA,130,1000[232],NA,NA
NA,Milton Keynes(England),SantanderCyclesMK,3 Gen.nextbike,CycleSaviours,17 June 2016,NA,42,300,NA,NA
NA,Newcastle(England),ScratchBikes,ScratchBikes,NA,2010,NA,12,60,NA,NA
NA,NA,(known as WhipBikes until 2011),NA,NA,NA,NA,NA,NA,NA,NA
NA,Nottingham(England),Ucycle,Sustrans & Evans Cycles,NA,2010,NA,0,460,NA,NA
NA,Portsmouth(England),Bikeabout,Public Velo,University of Portsmouth,1996,1998,2,NA,NA,NA
NA,Slough(England),Smoove,3 Gen.Smoove,NA,November 2013,NA,4,60,NA,NA
NA,Southampton(England),YoBike,YoBike,NA,September 2017,NA,NA,NA,NA,NA
NA,Cambridge(England),GreenBike,WhiteBikes,NA,1993,1995,NA,300,NA,NA
NA,London(England)[233][234],Santander Cycles(formerly Barclays Cycle Hire),PBSC,Serco,30 July 2010,NA,839,13600,NA,NA
United States,"Aspen, Colorado",WE-cycle,PBSC,NA,June 2013,NA,16,200,NA,NA
NA,"Boise, Idaho[235]",Boise Bike Share,Social Bicycle,NA,16 April 2015,NA,15,117,NA,NA
NA,"Boulder, Colorado[236][237]",Boulder B-Cycle,3 Gen.B-Cycle,NA,2011,NA,23,120,NA,NA
NA,"Broward County, Florida",Broward B-Cycle,3 Gen.B-Cycle,NA,2011,NA,35,NA,NA,NA
NA,"Chicago, Illinois[238][239]",Divvy,PBSC,Motivate,2013,NA,576,5837,13000,NA
NA,"Denver, Colorado[240]",Denver B-cycle,3 Gen.B-Cycle,NA,2010,NA,89,737,NA,NA
NA,"Des Moines, Iowa[241][242]",Des Moines B-cycle,3 Gen.B-Cycle,NA,2010,NA,4,18,NA,NA
NA,"Indianapolis, Indiana[243]",B-Cycle,NA,NA,May 2014,NA,25,300,NA,NA
NA,"Meridian, Colorado",M-Bike,Zagster,NA,15 March 2010,NA,11,NA,NA,NA
NA,"Miami Beach, Florida[244]",Decobike,SandVault,NA,2011,NA,100,1000,NA,NA
NA,New York City[245][246][247][248][249],Citi Bike,PBSC&8D,Motivate,27 May 2013,NA,739,10494,65000,NA
NA,"Tampa, Florida[250]",Coast Bike Share,3 Gen.CycleHopandSocial Bicycles,NA,7 December 2014,NA,30,300,NA,NA
NA,"Washington, D.C. area[251]",Capital Bikeshare,PBSC&8D,Motivate,2010,NA,406,4457,NA,NA
United States,"Ann Arbor, Michigan[252]",ArborBike,3 Gen.B-Cycle,NA,2014,NA,14,125,NA,NA
NA,Atlanta,Relay Bike Share,NA,NA,May 2016,NA,65,500,NA,NA
NA,"Austin, Texas[253]",Bike Share of Austin,3 Gen.B-Cycle,NA,December 2013,NA,46,375,NA,NA
NA,Austin,Yellow Bike Project,WhiteBikes,Austin YBP and city council,January 1997,NA,NA,200,NA,NA
NA,Battle Creek[254],Battle Creek BCycle,3 Gen.B-Cycle,NA,19 August 2013,NA,3,21,NA,NA
NA,Black Rock City[255],Yellow Bikes,Yellow Bikes,NA,NA,NA,NA,NA,NA,NA
NA,"Boston, Massachusetts[256]",Hubway,PBSC&8D,Motivate,2011,NA,158,1461,3268,NA
NA,"Charlotte, North Carolina[257]",Charlotte B-Cycle,3 Gen.B-Cycle,NA,2012,NA,21,200,NA,NA
NA,"Chattanooga, Tennessee[258]",Bike Chattanooga Bicycle Transit System,PBSC,NA,2012,NA,37,334,NA,NA
NA,"Cincinnati, Ohio[259]",Red Bike,3 Gen.B-Cycle,NA,15 September 2014,NA,50,NA,NA,NA
NA,"Columbus, Ohio",CoGo,PBSC,Motivate,July 2013,NA,41,335,NA,NA
NA,"El Paso, Texas[260]",El Paso BCycle,3 Gen.B-Cycle,NA,14 September 2015,NA,8,80,NA,NA
NA,"Eugene, Oregon[261]",PeaceHealth Rides,PeaceHealth Rides,NA,2018,NA,36,300,NA,NA
NA,"Fairbanks, Alaska",Fairbikes,A2B Bikeshare,NA,24 September 2015,NA,NA,NA,NA,NA
NA,"Fargo, ND[262][263]",GreatRides,3 Gen.B-Cycle,NA,15 March 2010,NA,11,101,NA,NA
NA,"Fort Worth, Texas[264]",Fort Worth B-Cycle,3 Gen.B-Cycle,NA,22 April 2013,NA,32,300,NA,NA
NA,"Fullerton, California",OCTA BikeShare,Bike Nation,NA,6 January 2014,NA,10,75,NA,NA
NA,"Hoboken, New Jersey[265]",Hudson Bike Share,3 Gen.nextbike,NA,September 2015,NA,29,250,NA,NA
NA,"Houston, Texas[266][267]",Houston B-cycle,3 Gen.B-Cycle,NA,2012,NA,51[268],400,NA,NA
NA,Jersey City[269],Citi Bike,8D,Motivate,September 2015,NA,35,350,NA,NA
NA,"Kailua, Hawaii[270][271]",Hawaii B-cycle,3 Gen.B-Cycle,NA,2011,NA,2,12,NA,NA
NA,"Kansas City, Missouri[272]",Kansas City B-cycle,3 Gen.B-Cycle,NA,2012,NA,30,300,NA,NA
NA,"Kona District, Hawaii",NA,PBSC,NA,2016,NA,3,30,NA,NA
NA,"Lansing, MI",Capital Community Bikeshare,A2B Bikeshare,NA,2014,NA,8,20,Closed[273],NA
NA,"Lincoln, Nebraska[274]",BikeLNK,3 Gen.B-Cycle,NA,2018,NA,105,20,NA,NA
NA,Los Angeles,Metro Bike Share,3 Gen.B-Cycle,NA,7 July 2016,NA,65,1000,NA,NA
NA,"Madison, Wisconsin[275]",Madison B-Cycle,3 Gen.B-Cycle,NA,2011,NA,39,350,NA,NA
NA,"Milwaukee, Wisconsin[276][277]",Bublr Bikes,3 Gen.B-Cycle,NA,2014,NA,87,400+,NA,NA
NA,"Minneapolis, MinnesotaandSaint Paul, Minnesota[278][279]",Nice Ride,PBSC&8D,NA,2010,NA,171,1833,NA,NA
NA,"Oklahoma City, Oklahoma[280]",Spokies,Spokies,NA,2012,NA,7,100,NA,NA
NA,"Omaha, Nebraska[281]",Omaha B-Cycle,3 Gen.B-Cycle,NA,2011,NA,5,35,NA,NA
NA,"Philadelphia, Pennsylvania[282][283]",Indego,3 Gen.B-Cycle,NA,23 April 2015,NA,105,1000,NA,NA
NA,"Phoenix, Arizona",Grid Bike Share,3 Gen.CycleHopandSocial Bicycles,NA,25 November 2014,NA,40,500,NA,NA
NA,"Pittsburgh, Pennsylvania",Healthy Ride PGH,3 Gen.nextbike,NA,2015,NA,50,500,NA,NA
NA,"Portland, Oregon",Biketown,NA,NA,19 July 2016,NA,100,1000,NA,NA
NA,"Portland, Oregon",Yellow Bike Project,1 Gen. WhiteBikes,Yellow Bike Project,1994[284],1997[285],NA,1000,NA,NA
NA,"Salt Lake City, Utah[286]",SLC Bike Share,3 Gen.B-Cycle,NA,2013,NA,12,100,NA,NA
NA,"San Antonio, Texas[287]",San Antonio B-Cycle,3 Gen.B-Cycle,NA,2011,NA,68,600,NA,NA
NA,San Diego[288],DecoBike,DecoBike,JCDecaux,February 2015,NA,180,1800,NA,NA
NA,San Francisco Bay Area,NA,NA,NA,2013,NA,NA,NA,NA,NA
NA,San Francisco Bay Area[289],Ford GoBike,Motivate,NA,June 2017,NA,550,7000,NA,NA
NA,"Santa Monica, California[290]",United States of America,3 Gen.CycleHopandSocial Bicycles,NA,13 August 2015,NA,80,500,NA,NA
NA,"Savannah, Georgia[291]",CAT Bike,3 Gen.B-Cycle,NA,24 January 2014,NA,2,16,NA,NA
NA,"Seattle, Washington[292]",Pronto Cycle Share,8D,Motivate,13 October 2014,NA,50,500,NA,NA
NA,"Spartanburg, South Carolina[293]",Spartanburg B-Cycle,3 Gen.B-Cycle,NA,2011,NA,5,40,NA,NA
